<application>
  <component name="FileTypeManager" version="14">
    <ignoreFiles list="*$py.class;*.hprof;*.pyc;*.pyo;*.rbc;*~;.DS_Store;.bundle;.git;.hg;.svn;.tox;CVS;RCS;SCCS;__pycache__;_svn;rcs;" />
    <extensionMap>
      <mapping ext="bag" type="PLAIN_TEXT" />
      <mapping ext="srv" type="PLAIN_TEXT" />
      <mapping ext="msg" type="PLAIN_TEXT" />
      <mapping pattern="static_tf_publisher" type="Python" />
      <mapping ext="xacro" type="XML" />
      <mapping ext="gazebo" type="XML" />
      <mapping ext="launch" type="XML" />
      <mapping ext="urdf" type="XML" />
    </extensionMap>
  </component>
</application>