<application>
  <component name="ProjectJdkTable">
    <jdk version="2">
      <name value="Python 2.7.3 (/usr/bin/python2.7)" />
      <type value="Python SDK" />
      <version value="Python 2.7.3" />
      <homePath value="/usr/bin/python2.7" />
      <roots>
        <classPath>
          <root type="composite">
            <root url="file:///usr/local/lib/python2.7/dist-packages/rosinstall-0.7.3-py2.7.egg" type="simple" />
            <root url="file:///opt/ros/hydro/lib/python2.7/dist-packages" type="simple" />
            <root url="file:///usr/lib/python2.7" type="simple" />
            <root url="file:///usr/lib/python2.7/plat-linux2" type="simple" />
            <root url="file:///usr/lib/python2.7/lib-tk" type="simple" />
            <root url="file:///usr/lib/python2.7/lib-dynload" type="simple" />
            <root url="file:///usr/local/lib/python2.7/dist-packages" type="simple" />
            <root url="file:///usr/lib/python2.7/dist-packages" type="simple" />
            <root url="file:///usr/lib/python2.7/dist-packages/PIL" type="simple" />
            <root url="file:///usr/lib/python2.7/dist-packages/gst-0.10" type="simple" />
            <root url="file:///usr/lib/python2.7/dist-packages/gtk-2.0" type="simple" />
            <root url="file:///usr/lib/pymodules/python2.7" type="simple" />
            <root url="file:///usr/lib/python2.7/dist-packages/ubuntu-sso-client" type="simple" />
            <root url="file:///usr/lib/python2.7/dist-packages/ubuntuone-client" type="simple" />
            <root url="file:///usr/lib/python2.7/dist-packages/ubuntuone-control-panel" type="simple" />
            <root url="file:///usr/lib/python2.7/dist-packages/ubuntuone-couch" type="simple" />
            <root url="file:///usr/lib/python2.7/dist-packages/ubuntuone-installer" type="simple" />
            <root url="file:///usr/lib/python2.7/dist-packages/ubuntuone-storage-protocol" type="simple" />
            <root url="file:///usr/lib/python2.7/dist-packages/wx-2.8-gtk2-unicode" type="simple" />
            <root url="file://$APPLICATION_HOME_DIR$/helpers/python-skeletons" type="simple" />
            <root url="file://$USER_HOME$/.PyCharm40/system/python_stubs/-1247972723" type="simple" />
            <root url="file:///usr/lib/python2.7/plat-x86_64-linux-gnu" type="simple" />
            <root url="file:///usr/lib/python2.7/dist-packages/PILcompat" type="simple" />
            <root url="jar:///opt/ros/indigo/lib/python2.7/dist-packages/python_qt_binding-0.2.16-py2.7.egg!/" type="simple" />
            <root url="file://$USER_HOME$/ros/test/devel/lib/python2.7/dist-packages" type="simple" />
            <root url="file://$USER_HOME$/ros/master_project/devel/lib/python2.7/dist-packages" type="simple" />
            <root url="file:///opt/ros/indigo/lib/python2.7/dist-packages" type="simple" />
          </root>
        </classPath>
        <sourcePath>
          <root type="composite" />
        </sourcePath>
      </roots>
      <additional />
    </jdk>
    <jdk version="2">
      <name value="Remote Python 2.7.12 (sftp://ryosuke@localhost:22/usr/bin/python)" />
      <type value="Python SDK" />
      <version value="Python 2.7.12" />
      <homePath value="sftp://ryosuke@localhost:22/usr/bin/python" />
      <roots>
        <classPath>
          <root type="composite">
            <root url="file://$USER_HOME$/.PyCharm2019.1/system/remote_sources/925971648/201544331" type="simple" />
            <root url="file://$USER_HOME$/.PyCharm2019.1/system/remote_sources/925971648/724150857" type="simple" />
            <root url="file://$USER_HOME$/.PyCharm2019.1/system/remote_sources/925971648/-154863933" type="simple" />
            <root url="file://$USER_HOME$/.PyCharm2019.1/system/remote_sources/925971648/-1285352461" type="simple" />
            <root url="file://$USER_HOME$/.PyCharm2019.1/system/remote_sources/925971648/-1227933812" type="simple" />
            <root url="file://$USER_HOME$/.PyCharm2019.1/system/remote_sources/925971648/1604413342" type="simple" />
            <root url="file://$USER_HOME$/.PyCharm2019.1/system/remote_sources/925971648/-125940560" type="simple" />
            <root url="file://$USER_HOME$/.PyCharm2019.1/system/remote_sources/925971648/1727478806" type="simple" />
            <root url="file://$USER_HOME$/.PyCharm2019.1/system/remote_sources/925971648/23257574" type="simple" />
            <root url="file://$USER_HOME$/.PyCharm2019.1/system/remote_sources/925971648/-978343175" type="simple" />
            <root url="file://$USER_HOME$/.PyCharm2019.1/system/remote_sources/925971648/458142066" type="simple" />
            <root url="file://$USER_HOME$/.PyCharm2019.1/system/remote_sources/925971648/1376253408" type="simple" />
            <root url="file://$USER_HOME$/.PyCharm2019.1/system/python_stubs/925971648" type="simple" />
            <root url="file://$APPLICATION_HOME_DIR$/helpers/python-skeletons" type="simple" />
            <root url="file://$APPLICATION_HOME_DIR$/helpers/typeshed/stdlib/2" type="simple" />
            <root url="file://$APPLICATION_HOME_DIR$/helpers/typeshed/stdlib/2and3" type="simple" />
            <root url="file://$APPLICATION_HOME_DIR$/helpers/typeshed/third_party/2" type="simple" />
            <root url="file://$APPLICATION_HOME_DIR$/helpers/typeshed/third_party/2and3" type="simple" />
          </root>
        </classPath>
        <sourcePath>
          <root type="composite" />
        </sourcePath>
      </roots>
      <additional WEB_SERVER_CONFIG_ID="cd7be2a6-4184-4d1d-bd71-220d5d138c32" WEB_SERVER_CONFIG_NAME="ryosuke@localhost:22" WEB_SERVER_CREDENTIALS_ID="sftp://ryosuke@localhost:22" INTERPRETER_PATH="/usr/bin/python" HELPERS_PATH="/home/ryosuke/.pycharm_helpers" INITIALIZED="false" VALID="true" RUN_AS_ROOT_VIA_SUDO="false" SKELETONS_PATH="" VERSION="">
        <PATHS_ADDED_BY_USER_ROOT PATH_ADDED_BY_USER="file://$USER_HOME$/.PyCharm2019.1/system/remote_sources/925971648/1376253408" />
        <PATHS_ADDED_BY_USER_ROOT PATH_ADDED_BY_USER="file://$USER_HOME$/.PyCharm2019.1/system/remote_sources/925971648/458142066" />
        <PathMappingSettings>
          <option name="pathMappings">
            <list>
              <mapping local-root="$USER_HOME$/.PyCharm2019.1/system/remote_sources/925971648/201544331" remote-root="/usr/lib/python2.7" />
              <mapping local-root="$USER_HOME$/.PyCharm2019.1/system/remote_sources/925971648/724150857" remote-root="/usr/lib/python2.7/plat-x86_64-linux-gnu" />
              <mapping local-root="$USER_HOME$/.PyCharm2019.1/system/remote_sources/925971648/-154863933" remote-root="/usr/lib/python2.7/lib-tk" />
              <mapping local-root="$USER_HOME$/.PyCharm2019.1/system/remote_sources/925971648/-1285352461" remote-root="/home/ryosuke/.local/lib/python2.7/site-packages" />
              <mapping local-root="$USER_HOME$/.PyCharm2019.1/system/remote_sources/925971648/-1227933812" remote-root="/usr/local/lib/python2.7/dist-packages" />
              <mapping local-root="$USER_HOME$/.PyCharm2019.1/system/remote_sources/925971648/1604413342" remote-root="/usr/local/lib/python2.7/dist-packages/python_pcl-0.3-py2.7-linux-x86_64.egg" />
              <mapping local-root="$USER_HOME$/.PyCharm2019.1/system/remote_sources/925971648/-125940560" remote-root="/usr/lib/python2.7/dist-packages" />
              <mapping local-root="$USER_HOME$/.PyCharm2019.1/system/remote_sources/925971648/1727478806" remote-root="/usr/lib/python2.7/dist-packages/PILcompat" />
              <mapping local-root="$USER_HOME$/.PyCharm2019.1/system/remote_sources/925971648/23257574" remote-root="/usr/lib/python2.7/dist-packages/gtk-2.0" />
              <mapping local-root="$USER_HOME$/.PyCharm2019.1/system/remote_sources/925971648/-978343175" remote-root="/usr/lib/python2.7/dist-packages/wx-3.0-gtk2" />
              <mapping local-root="$USER_HOME$/.PyCharm2019.1/system/remote_sources/925971648/458142066" remote-root="/home/ryosuke/bdkr/bdkr_ros/devel/lib/python2.7/dist-packages" />
              <mapping local-root="$USER_HOME$/.PyCharm2019.1/system/remote_sources/925971648/1376253408" remote-root="/opt/ros/kinetic/lib/python2.7/dist-packages" />
            </list>
          </option>
        </PathMappingSettings>
      </additional>
    </jdk>
  </component>
</application>